source,destination,permanent,preserveQueryParams
/lattics/goal-and-task-management,/lattics/editor/writing-goals,t,t
/lattics/goal-and-task-management.md,/lattics/editor/writing-goals.md,t,t
/en/lattics/goal-and-task-management,/en/lattics/editor/writing-goals,t,t
/en/lattics/goal-and-task-management.md,/en/lattics/editor/writing-goals.md,t,t
/lattics/side-by-side,/lattics/editor/side-by-side,t,t
/lattics/side-by-side.md,/lattics/editor/side-by-side.md,t,t
/en/lattics/side-by-side,/en/lattics/editor/side-by-side,t,t
/en/lattics/side-by-side.md,/en/lattics/editor/side-by-side.md,t,t
/lattics/columns,/lattics/editor/multi-column-layout,t,t
/lattics/columns.md,/lattics/editor/multi-column-layout.md,t,t
/en/lattics/columns,/en/lattics/editor/multi-column-layout,t,t
/en/lattics/columns.md,/en/lattics/editor/multi-column-layout.md,t,t
/lattics/picture-annotation-hand-drawing,/lattics/editor/image-annotation-and-drawing,t,t
/lattics/picture-annotation-hand-drawing.md,/lattics/editor/image-annotation-and-drawing.md,t,t
/en/lattics/picture-annotation-hand-drawing,/en/lattics/editor/image-annotation-and-drawing,t,t
/en/lattics/picture-annotation-hand-drawing.md,/en/lattics/editor/image-annotation-and-drawing.md,t,t
/lattics/block_content,/lattics/editor/block-elements,t,t
/lattics/block_content.md,/lattics/editor/block-elements.md,t,t
/en/lattics/block_content,/en/lattics/editor/block-elements,t,t
/en/lattics/block_content.md,/en/lattics/editor/block-elements.md,t,t
/lattics/rich-text-editing,/lattics/editor/rich-text-editing,t,t
/lattics/rich-text-editing.md,/lattics/editor/rich-text-editing.md,t,t
/en/lattics/rich-text-editing,/en/lattics/editor/rich-text-editing,t,t
/en/lattics/rich-text-editing.md,/en/lattics/editor/rich-text-editing.md,t,t
/lattics/slide-show,/lattics/editor/presentations,t,t
/lattics/slide-show.md,/lattics/editor/presentations.md,t,t
/en/lattics/slide-show,/en/lattics/editor/presentations,t,t
/en/lattics/slide-show.md,/en/lattics/editor/presentations.md,t,t
/lattics/text-formatting,/lattics/editor/text-formatting,t,t
/lattics/text-formatting.md,/lattics/editor/text-formatting.md,t,t
/en/lattics/text-formatting,/en/lattics/editor/text-formatting,t,t
/en/lattics/text-formatting.md,/en/lattics/editor/text-formatting.md,t,t
/lattics/documents-and-markers,/lattics/editor/document-outline,t,t
/lattics/documents-and-markers.md,/lattics/editor/document-outline.md,t,t
/en/lattics/documents-and-markers,/en/lattics/editor/document-outline,t,t
/en/lattics/documents-and-markers.md,/en/lattics/editor/document-outline.md,t,t
/lattics/custom_styles,/lattics/editor/styles-and-templates,t,t
/lattics/custom_styles.md,/lattics/editor/styles-and-templates.md,t,t
/en/lattics/custom_styles,/en/lattics/editor/styles-and-templates,t,t
/en/lattics/custom_styles.md,/en/lattics/editor/styles-and-templates.md,t,t
/lattics/version-management,/lattics/editor/version-management,t,t
/lattics/version-management.md,/lattics/editor/version-management.md,t,t
/en/lattics/version-management,/en/lattics/editor/version-management,t,t
/en/lattics/version-management.md,/en/lattics/editor/version-management.md,t,t
/lattics/inline-images,/lattics/editor/inline-images,t,t
/lattics/inline-images.md,/lattics/editor/inline-images.md,t,t
/en/lattics/inline-images,/en/lattics/editor/inline-images,t,t
/en/lattics/inline-images.md,/en/lattics/editor/inline-images.md,t,t
/lattics/table,/lattics/editor/tables,t,t
/lattics/table.md,/lattics/editor/tables.md,t,t
/en/lattics/table,/en/lattics/editor/tables,t,t
/en/lattics/table.md,/en/lattics/editor/tables.md,t,t
/lattics/continuous-reading,/lattics/editor/continuous-reading,t,t
/lattics/continuous-reading.md,/lattics/editor/continuous-reading.md,t,t
/en/lattics/continuous-reading,/en/lattics/editor/continuous-reading,t,t
/en/lattics/continuous-reading.md,/en/lattics/editor/continuous-reading.md,t,t
